0.0;create;2;10
1.1;open;2;0;0;0
1.2;write;2;0;100
1.3;close;2
1.4;reset_stats
1000.0;open;2;0;0;0
1000.40999985;read;2;0;100
1002.25999999;close;2

